{"cmap":"RdBu_r","vmin":-2.422727346420288,"vmax":27.129587173461914}