{"cmap":"RdBu_r","vmin":-6.472494602203369,"vmax":22.803070068359375}