{"cmap":"RdBu_r","vmin":-4.341503620147705,"vmax":22.05498504638672}