{"cmap":"RdBu_r","vmin":-13.24785327911377,"vmax":26.49561882019043}