{"cmap":"RdBu_r","vmin":-13.376401901245117,"vmax":25.424564361572266}