{"cmap":"RdBu_r","vmin":-3.9629251956939697,"vmax":26.960050582885742}