{"cmap":"RdBu_r","vmin":-772.5520629882812,"vmax":26.55109977722168}