{"cmap":"RdBu_r","vmin":-972.032470703125,"vmax":26.562458038330078}