{"cmap":"RdBu_r","vmin":-2.791339874267578,"vmax":26.169836044311523}