{"cmap":"RdBu_r","vmin":-8.54279613494873,"vmax":25.79728126525879}