{"cmap":"RdBu_r","vmin":-9.663484573364258,"vmax":25.14308738708496}