{"cmap":"RdBu_r","vmin":-11.030447006225586,"vmax":26.912677764892578}