{"cmap":"RdBu_r","vmin":-15.822003364562988,"vmax":24.663101196289062}