{"cmap":"RdBu_r","vmin":0.1420920491218567,"vmax":26.7898006439209}