{"cmap":"RdBu_r","vmin":0.1427142173051834,"vmax":26.87435531616211}