{"cmap":"RdBu_r","vmin":-11.401415824890137,"vmax":25.253061294555664}