{"cmap":"RdBu_r","vmin":-7.168005466461182,"vmax":26.271703720092773}