{"cmap":"RdBu_r","vmin":-17.246294021606445,"vmax":25.820037841796875}