{"cmap":"RdBu_r","vmin":-16.35298728942871,"vmax":26.359025955200195}