{"cmap":"RdBu_r","vmin":-5.758358955383301,"vmax":22.549644470214844}