{"cmap":"RdBu_r","vmin":-7.418312072753906,"vmax":26.465009689331055}