{"cmap":"RdBu_r","vmin":-5.682182788848877,"vmax":24.032119750976562}