{"cmap":"RdBu_r","vmin":-9.8873291015625,"vmax":23.69942283630371}