{"cmap":"RdBu_r","vmin":-3.6462512016296387,"vmax":27.342050552368164}