{"cmap":"RdBu_r","vmin":-1.9378077983856201,"vmax":26.03467559814453}