{"cmap":"RdBu_r","vmin":-15.47358226776123,"vmax":25.9622745513916}