{"cmap":"RdBu_r","vmin":-5.5904130935668945,"vmax":25.158536911010742}