{"cmap":"RdBu_r","vmin":-14.483009338378906,"vmax":25.37549591064453}