{"cmap":"RdBu_r","vmin":-10.799356460571289,"vmax":24.113136291503906}