{"cmap":"RdBu_r","vmin":-4.68437385559082,"vmax":26.031940460205078}