{"cmap":"RdBu_r","vmin":-4.999022483825684,"vmax":26.98841667175293}