{"cmap":"RdBu_r","vmin":-14.677101135253906,"vmax":26.041419982910156}