{"cmap":"RdBu_r","vmin":-4.134498596191406,"vmax":26.446796417236328}