{"cmap":"RdBu_r","vmin":-4.068403720855713,"vmax":26.432477951049805}