{"cmap":"RdBu_r","vmin":-4.213140487670898,"vmax":26.432476043701172}