{"cmap":"RdBu_r","vmin":-9.372084617614746,"vmax":26.53438377380371}