{"cmap":"RdBu_r","vmin":-9.560379028320312,"vmax":26.469322204589844}