{"cmap":"RdBu_r","vmin":-16.61507797241211,"vmax":25.442811965942383}