{"cmap":"RdBu_r","vmin":-5.348051071166992,"vmax":31.102697372436523}