{"cmap":"RdBu_r","vmin":-3.962695598602295,"vmax":26.748958587646484}