{"cmap":"RdBu_r","vmin":-4.401025772094727,"vmax":26.74895477294922}