{"cmap":"RdBu_r","vmin":-16.910358428955078,"vmax":27.469621658325195}