{"cmap":"RdBu_r","vmin":-1.0483156442642212,"vmax":26.858680725097656}