{"cmap":"RdBu_r","vmin":-1.917960524559021,"vmax":26.858713150024414}