{"cmap":"RdBu_r","vmin":-12.169356346130371,"vmax":25.77330207824707}