{"cmap":"RdBu_r","vmin":-20.820152282714844,"vmax":27.32924461364746}