{"cmap":"RdBu_r","vmin":-10.683196067810059,"vmax":26.973302841186523}