{"cmap":"RdBu_r","vmin":-4.649661540985107,"vmax":26.41002082824707}