{"cmap":"RdBu_r","vmin":-6.545866012573242,"vmax":25.308874130249023}