{"cmap":"RdBu_r","vmin":-12.394031524658203,"vmax":24.899999618530273}