{"cmap":"RdBu_r","vmin":-11.850078582763672,"vmax":24.84308624267578}