{"cmap":"RdBu_r","vmin":-11.853193283081055,"vmax":24.899999618530273}