{"cmap":"RdBu_r","vmin":-12.539554595947266,"vmax":27.318212509155273}