{"cmap":"RdBu_r","vmin":-11.764307022094727,"vmax":27.07910919189453}