{"cmap":"RdBu_r","vmin":-12.246237754821777,"vmax":24.514007568359375}