{"cmap":"RdBu_r","vmin":-13.24420166015625,"vmax":28.562070846557617}