{"cmap":"RdBu_r","vmin":-5.2674713134765625,"vmax":25.167598724365234}