{"cmap":"RdBu_r","vmin":-4.045255661010742,"vmax":26.991886138916016}