{"cmap":"RdBu_r","vmin":-4.052506923675537,"vmax":27.117353439331055}