{"cmap":"RdBu_r","vmin":-0.3830951750278473,"vmax":26.742719650268555}