{"cmap":"RdBu_r","vmin":-2.0785317420959473,"vmax":25.955862045288086}