{"cmap":"RdBu_r","vmin":-2.384169340133667,"vmax":22.48856544494629}