{"cmap":"RdBu_r","vmin":-2.9963111877441406,"vmax":26.206594467163086}