{"cmap":"RdBu_r","vmin":-14.759556770324707,"vmax":26.0421085357666}