{"cmap":"RdBu_r","vmin":-13.629348754882812,"vmax":25.57359504699707}