{"cmap":"RdBu_r","vmin":-13.737893104553223,"vmax":26.034351348876953}