{"cmap":"RdBu_r","vmin":-4.83751106262207,"vmax":25.05778694152832}