{"cmap":"RdBu_r","vmin":-3.9332191944122314,"vmax":25.86215591430664}