{"cmap":"RdBu_r","vmin":-4.336684703826904,"vmax":24.997167587280273}