{"cmap":"RdBu_r","vmin":-988.7822265625,"vmax":24.427005767822266}