{"cmap":"RdBu_r","vmin":-4.783423900604248,"vmax":24.95250701904297}