{"cmap":"RdBu_r","vmin":-5.931875705718994,"vmax":25.14580726623535}