{"cmap":"RdBu_r","vmin":-8.074573516845703,"vmax":24.780054092407227}