{"cmap":"RdBu_r","vmin":-17.321311950683594,"vmax":26.359333038330078}