{"cmap":"RdBu_r","vmin":-17.80303955078125,"vmax":26.359333038330078}