{"cmap":"RdBu_r","vmin":-10.997160911560059,"vmax":24.228282928466797}