{"cmap":"RdBu_r","vmin":-11.210528373718262,"vmax":24.228282928466797}