{"cmap":"RdBu_r","vmin":-0.5591270923614502,"vmax":26.251846313476562}