{"cmap":"RdBu_r","vmin":-5.32527494430542,"vmax":25.82578468322754}