{"cmap":"RdBu_r","vmin":-18.737119674682617,"vmax":25.53858184814453}