{"cmap":"RdBu_r","vmin":-11.678540229797363,"vmax":25.417184829711914}