{"cmap":"RdBu_r","vmin":-0.7109016180038452,"vmax":25.71976089477539}