{"cmap":"RdBu_r","vmin":-11.203553199768066,"vmax":23.943086624145508}