{"cmap":"RdBu_r","vmin":-14.972054481506348,"vmax":25.68217658996582}