{"cmap":"RdBu_r","vmin":-2.91813063621521,"vmax":31.130146026611328}