{"cmap":"RdBu_r","vmin":-12.136658668518066,"vmax":26.639158248901367}