{"cmap":"RdBu_r","vmin":-11.544889450073242,"vmax":25.200000762939453}