{"cmap":"RdBu_r","vmin":-7.670421123504639,"vmax":25.139142990112305}