{"cmap":"RdBu_r","vmin":-13.92464828491211,"vmax":25.334705352783203}