{"cmap":"RdBu_r","vmin":-13.351017951965332,"vmax":26.329944610595703}