{"cmap":"RdBu_r","vmin":-4.362695217132568,"vmax":26.360050201416016}