{"cmap":"RdBu_r","vmin":-16.432279586791992,"vmax":25.567739486694336}