{"cmap":"RdBu_r","vmin":-3.356926679611206,"vmax":27.027280807495117}