{"cmap":"RdBu_r","vmin":-4.313546180725098,"vmax":26.77389907836914}