{"cmap":"RdBu_r","vmin":-9.173929214477539,"vmax":25.21071434020996}