{"cmap":"RdBu_r","vmin":-14.659448623657227,"vmax":25.96384048461914}