{"cmap":"RdBu_r","vmin":-12.252211570739746,"vmax":26.071077346801758}