{"cmap":"RdBu_r","vmin":-3.183671474456787,"vmax":25.89608383178711}