{"cmap":"RdBu_r","vmin":-12.005210876464844,"vmax":26.951433181762695}