{"cmap":"RdBu_r","vmin":-11.374138832092285,"vmax":26.46234130859375}