{"cmap":"RdBu_r","vmin":-3.815509080886841,"vmax":24.716651916503906}