{"cmap":"RdBu_r","vmin":-0.28958195447921753,"vmax":27.225391387939453}